user_id,product_id
1100,fe849f4f-904a-4e77-a0f8-05a7dadde04e
1100,5df057fc-9f95-4e93-8e84-d8d8b6313786
1100,beba627b-fad2-4d4f-aa8c-be0938bfa8a5
1100,3a2ed5a6-a99f-4556-9a3d-f3b2573c246f
1100,e9135d4c-e363-48c3-ba7b-7a18b3145f0a
1100,3afdd5e0-88d0-4f34-baa4-c218c607789e
1100,e1e1dac0-153f-4000-88dc-d5185d53bd04
1100,20438cda-af49-4c46-a659-3376ee823610
1100,1655562e-2b58-4f61-ac9c-333530202f41
1100,bee36a53-75a7-4d73-8ed1-be09cb4bc3de
1100,f848b34f-f277-4db0-b98f-53b6e4f2b0cd
1100,204f9b4b-2a73-4264-a387-9d9024bfd837
1100,b6bd3e8d-a806-43eb-b72a-38f9e4b7fb00
1100,489f1edf-3832-4c86-b080-f338296aa830
1100,76e83cea-fc2e-4aad-a128-6dac176ea511
1100,f292bfa2-f11b-43c3-9053-1fe5f9e30a08
1100,822efa1d-318a-4b87-97a0-241b1e50bfbd
1100,bb019786-a8fe-4107-a59d-577859407b1f
1100,d4c3d6f3-bf98-4acc-acc7-0d87a00336aa
1100,3921b850-e11d-47c5-b0f7-5c162ac33f69
1100,59227abe-045b-4564-b998-a1a0579ec0bb
1100,000051b3-1cbd-47d3-8e00-e2e40475734c
1100,e00b644f-00c8-4fb8-8f78-87931c01f91c
1100,b8c7de59-7ac5-4599-8d16-82eae895acbf
1100,00db3026-4d10-433d-b99c-43d373cd8690
1100,ae061bc5-a47d-46a0-8fd4-dd98506c86b3
1100,e00b644f-00c8-4fb8-8f78-87931c01f91c
1100,cb51e076-5e0b-4684-9e2e-57c6215c73fd
1100,23eb0740-b1da-455b-8105-ef628fd8adb9
1100,3fa86846-2a1d-4b70-94f8-a536b1a000aa
1100,23eb0740-b1da-455b-8105-ef628fd8adb9
1100,9a81750b-cf14-4ebb-bf12-453b17c85505
1100,adc4b06b-b15e-4387-9479-fbca2dc85799
1100,9cadd6eb-777c-4d40-a186-072bbf7589d0
1100,afec20d0-e9a7-4760-b3d5-b1cb892e45df
1100,e804aaae-6268-4117-8fcb-2302825be98a
1100,9cadd6eb-777c-4d40-a186-072bbf7589d0
1100,adc4b06b-b15e-4387-9479-fbca2dc85799
1100,e804aaae-6268-4117-8fcb-2302825be98a
1100,23eb0740-b1da-455b-8105-ef628fd8adb9
1100,afec20d0-e9a7-4760-b3d5-b1cb892e45df
1100,afec20d0-e9a7-4760-b3d5-b1cb892e45df
1100,3fa86846-2a1d-4b70-94f8-a536b1a000aa
1100,ed63b831-bcd9-4b43-8a8c-5fbf6e65ab71
1100,27a01cfa-37ed-405b-bbc8-6a5dc3c43e25
1100,ba79baed-2149-4059-ba77-e88c90d63060
1100,dd9554ce-e674-4956-a90a-a882bc069360
1100,7886f22a-4002-44d2-a0ae-22c430253412
1100,52516705-7d75-4340-9515-bb366e80bd7d
1100,bee36a53-75a7-4d73-8ed1-be09cb4bc3de
1100,cfb30f0e-af8e-4309-83a3-9ccde51418ca
1100,e0b961d3-9fcc-4fda-83a8-2cd673bf41ed
1100,ae5662a9-e3df-45a7-a7ff-ae9e8098eb37
1100,82fee792-e28a-409e-812f-91334a50a134
1100,b09fe3e9-f6ea-4e1e-83bc-428455f1b82f
1100,08e44c36-28e9-4cce-8587-94af55561732
1100,40a50d55-cd0d-4d77-90ed-3fa97335f998
1100,24f39d06-9005-4e46-91d3-00119110445d
1100,d0e0618c-041b-40a4-a2b1-e46f334614a3
1100,aa0e09ec-77ad-46b1-8865-dc379c254356
1100,03190770-b63a-4b2d-896f-365731d134c0
1100,f273b499-5f20-4a0f-996a-bba39791cd0c
1100,ea7c6613-94bb-4f28-b55b-399ff2c7e848
1100,368bda2e-b213-4025-a90f-0d164d1f32c8
1100,51896345-eba8-4bd1-9916-40b578fd5f0d
1100,e48b57fd-ac5e-4c01-9fc9-75804d749c4b
1100,9805f21c-8d3a-4e1a-bbc2-26f8fbffabc1
1100,f1b85d6a-20d6-482b-bc36-76babda6e9ec
1100,6537a656-bf8b-41f7-95d8-925517a5be67
1100,5e9ef4a5-3c8a-4280-93c1-bc7ce02527ed
1100,3f30ca95-6e6e-4a43-aa76-8f4f8e5859e1
1100,495b4dbf-72ca-4b33-bcaf-1cb6cbf2bee4
1100,fe53696f-5592-433d-a8e2-488e5917e3a3
1100,513b31df-a5c4-48ed-b504-0f146bcc1062
1100,b9aa48d7-1589-4580-ad0d-5b2aa8e0e226
1100,3d448dc4-66be-47dc-b816-8f5c7d4945f5
1100,3231dfb7-8aae-4997-9d03-9705f3b898f1
1100,360c0a07-840e-4450-9ff2-792e9e980f5c
1100,f76c81c0-691b-48b2-b60d-3a73f8391151
6,1019
10,82
10,102
6,418
6,418
8,4352
8,4096
8,4608
8,4353
8,4354
8,4101
8,4102
8,4617
8,4100
12,3584
12,3585
12,3841
12,3842
12,3588
12,3843
12,3589
12,3591
12,3597
12,3593
12,3608
12,3610
12,3613
12,3607
12,3630
12,3631
12,3632
12,5899
12,5923
12,5925
12,5924
12,5927
12,5929
12,5939
12,5945
12,5957
12,5956
12,5959
12,5961
12,5962
12,5983
12,5984
12,5986
12,5987
12,5988
12,5990
12,5992
12,5997
12,6002
12,6021
12,6064
12,6066
12,6067
12,6065
12,6063
12,6062
1,1560
1,13
685,423
685,422
685,421
685,420
685,380
685,249
685,250
685,144
685,87
1020,1934
1020,3584
1020,3585
1020,3586
1020,3589
1020,3592
1020,3593
1020,3599
1020,3601
1020,3605
1020,3606
1020,3608
1020,9712
1020,9769
1020,3585
1020,3589
1020,3592
1020,3584
1020,3593
1020,3594
1020,3857
1020,3849
1020,3605
1020,3608
1020,3610
1020,3871
1020,3870
1020,3873
1020,3659
1020,3681
1020,3682
1020,9737
1020,1934
1104,8e86fbe2-32a4-4093-9fcd-ea5e2372e074
1104,10136
1104,25
1104,680
1104,1409
1104,10173
1104,8ec32f2f-a865-4235-bb95-bc6e0548285a
1104,8ecd8e2e-1ee3-41a1-b273-ecf3929b68be
1104,5231
1104,5227
1104,5225
1104,5222
1104,5221
1104,5220
1104,5218
1104,5216
1104,5243
1104,5237
1104,4078
1104,4079
1104,4080
1104,4077
1104,4082
1104,4083
1104,4084
1104,4086
1104,4090
1104,4095
1104,4096
1104,4097
1104,4099
1104,4100
1104,4101
1104,3567
1104,3566
1104,3569
1104,3570
1104,3571
1104,3573
1104,3572
1104,3579
1104,3583
1104,2730
1104,2731
1104,2732
1104,2734
1104,2736
1104,2740
1104,2741
1104,8eb191c9-4da4-4d8f-abcc-a5e2e5e87dac
1104,8eb191c9-ad50-452c-88da-1debb03acea2
1104,8eb191c9-83dd-485c-9cc5-f5df33f2209a
1104,8eb191ca-0c41-425d-bc40-612e7d5e764f
1104,ea7c6613-94bb-4f28-b55b-399ff2c7e848
1104,9805f21c-8d3a-4e1a-bbc2-26f8fbffabc1
1104,ca030615-588d-4c3b-aa26-165972caf64c
1104,a4e5d308-6681-41ae-992b-8b5dbf3f6019
1104,6341
1104,6343
1104,10416
1104,8ed56fcd-8ca2-4f5a-82c4-dd694185b367
1104,7aaf678d-ef62-4827-9678-1a4a367942b2
1104,dd29bb4a-7e1f-4692-bede-3f0f24af2b82
1104,335d65f8-7e1a-4ad4-8aa2-7eeb730ec4b1
1104,8ecd8e2e-1e58-4f6a-85da-bf2dac4c6971
685,1025
1102,f68dea18-76dc-463e-a3a2-2793b694f811
1102,e9135d4c-e363-48c3-ba7b-7a18b3145f0a
1102,f292bfa2-f11b-43c3-9053-1fe5f9e30a08
1102,27a01cfa-37ed-405b-bbc8-6a5dc3c43e25
1102,822efa1d-318a-4b87-97a0-241b1e50bfbd
1102,255cf727-2fb9-41d9-a33f-f00ecb241f2b
1102,fe53696f-5592-433d-a8e2-488e5917e3a3
1102,59286d02-a7c1-42d6-a570-7a3af9e3785d
1102,e48b57fd-ac5e-4c01-9fc9-75804d749c4b
1102,b6bd3e8d-a806-43eb-b72a-38f9e4b7fb00
1102,f76c81c0-691b-48b2-b60d-3a73f8391151
1102,fe702c47-582b-4b27-98cd-42cd91d89f5c
1102,ea7c6613-94bb-4f28-b55b-399ff2c7e848
1102,3921b850-e11d-47c5-b0f7-5c162ac33f69
1102,fe849f4f-904a-4e77-a0f8-05a7dadde04e
1102,f1b85d6a-20d6-482b-bc36-76babda6e9ec
1102,4282f52d-14ab-4684-8c99-d62a53010827
1102,3231dfb7-8aae-4997-9d03-9705f3b898f1
1102,513b31df-a5c4-48ed-b504-0f146bcc1062
1102,e1e1dac0-153f-4000-88dc-d5185d53bd04
1102,3f30ca95-6e6e-4a43-aa76-8f4f8e5859e1
1102,e00b644f-00c8-4fb8-8f78-87931c01f91c
1102,9805f21c-8d3a-4e1a-bbc2-26f8fbffabc1
1102,b9aa48d7-1589-4580-ad0d-5b2aa8e0e226
1102,73f9dc3c-ffef-45bf-8dc4-f1a911a2d277
1102,000051b3-1cbd-47d3-8e00-e2e40475734c
1102,495b4dbf-72ca-4b33-bcaf-1cb6cbf2bee4
1102,21d56859-3b83-49f6-8492-b6c6bd978888
1102,368bda2e-b213-4025-a90f-0d164d1f32c8
1102,59227abe-045b-4564-b998-a1a0579ec0bb
1102,51896345-eba8-4bd1-9916-40b578fd5f0d
1087,41
737,456
737,420
737,249
737,200
737,144
737,86
737,204
737,40
737,10417
737,10426
737,10122
737,10136
737,10138
737,10629
737,10652
737,426
1020,4096
1020,4356
1020,4357
1020,4359
1020,4369
1020,4119
1020,4115
1020,4374
1020,4384
1020,4645
1020,4394
1020,4396
1020,4398
1020,9730
1020,9737
1020,4610
1020,4099
1020,4611
1020,4356
1020,4612
1020,4358
1020,4365
1020,4113
1020,4114
1020,4370
1020,4642
1020,4392
1020,4163
1020,4169
1020,3584
1020,3842
1020,3588
1020,3604
1020,3860
1020,3862
1020,3609
1020,3882
1020,3647
1020,3652
1020,3655
737,457
737,456
737,460
737,422
737,426
737,380
737,10401
737,342
737,341
737,347
737,295
737,296
737,249
737,250
737,200
737,201
737,144
737,145
737,86
737,87
737,90
737,10417
737,10410
737,10454
685,253
685,2299
685,2304
1,10686
1101,6537a656-bf8b-41f7-95d8-925517a5be67
1101,360c0a07-840e-4450-9ff2-792e9e980f5c
1101,f76c81c0-691b-48b2-b60d-3a73f8391151
1101,f72efb77-cb51-471f-9c20-340169b34eb8
1101,59286d02-a7c1-42d6-a570-7a3af9e3785d
1101,afec20d0-e9a7-4760-b3d5-b1cb892e45df
1101,9a81750b-cf14-4ebb-bf12-453b17c85505
1101,8eb191d3-cae2-43c0-b7ce-a0a91f002b8f
1101,34327712-520e-4f34-a0d2-235897d75a67
1101,3a949575-db41-467e-b77a-2f78ea499e63
1101,1be8a143-a311-4743-8654-2141507fc238
1101,9cadd6eb-777c-4d40-a186-072bbf7589d0
1101,ea7c6613-94bb-4f28-b55b-399ff2c7e848
1101,368bda2e-b213-4025-a90f-0d164d1f32c8
1101,3f30ca95-6e6e-4a43-aa76-8f4f8e5859e1
1101,8d5a7196-2c02-4bc5-9fa3-74e949db6984
1101,3231dfb7-8aae-4997-9d03-9705f3b898f1
1101,23eb0740-b1da-455b-8105-ef628fd8adb9
1101,f3ee6a3b-0983-4b0b-a56d-cb6a0f51d7e7
1101,a2da8da7-9222-4c3f-bd5c-2b1c63689c65
1101,d69fde24-a2c0-4acf-9aab-cf96125981ef
1101,e48b57fd-ac5e-4c01-9fc9-75804d749c4b
1101,5e9ef4a5-3c8a-4280-93c1-bc7ce02527ed
1101,ed63b831-bcd9-4b43-8a8c-5fbf6e65ab71
1101,ca380b7f-37dd-44b0-9e0d-34da6efd7940
1101,9805f21c-8d3a-4e1a-bbc2-26f8fbffabc1
1101,a541dc0d-3f56-483d-8a6d-8fff63fd3b62
1101,495b4dbf-72ca-4b33-bcaf-1cb6cbf2bee4
1101,42f459e9-dccd-4ccb-a197-58fa7d4836c7
1101,eb379655-d3c3-42bd-95c0-c898c0f4a5f0
1101,8eb191d3-b541-4be2-a40f-a78d21356bc3
1101,ccb778dc-79d0-4aed-b358-1e9a208b1664
1101,186ada2d-d12e-484b-ae7c-6bd2899b81bd
1101,dc77b992-02bb-49e2-922b-911a78013cf8
1101,430fad21-edb0-4c29-80cc-0595d939a01b
1101,ae2ed0dc-f325-4655-ad17-6bf1eaff54c9
1101,7fc8aa07-53cb-45da-8a1b-0ebf76a43214
1101,513b31df-a5c4-48ed-b504-0f146bcc1062
1101,bc310538-5bc1-4e4f-8514-397c416a3031
1101,82fee792-e28a-409e-812f-91334a50a134
1101,8eb191d4-884e-496f-ace8-6f320db3d8a0
1101,5ce49e41-5d1d-44e1-97bd-454060cf10b3
1101,f1b85d6a-20d6-482b-bc36-76babda6e9ec
1101,4282f52d-14ab-4684-8c99-d62a53010827
1101,9a4737a2-926a-4c85-9816-78fd6aad6333
1101,7e464a37-c7df-4446-be7d-e46fc979dd31
1101,1803d6f3-b0a7-4b8f-84b8-acfac44ad0d7
1101,b9aa48d7-1589-4580-ad0d-5b2aa8e0e226
1101,fe53696f-5592-433d-a8e2-488e5917e3a3
1101,e9314968-12d3-448f-a444-e910d085dce9
1101,adc4b06b-b15e-4387-9479-fbca2dc85799
1101,0a899187-4249-4dd0-97be-aeb5273aae03
1101,51896345-eba8-4bd1-9916-40b578fd5f0d
1101,b12e6297-2b42-4ba5-8359-198520012da1
1101,9bc3abf8-67a5-4718-8b9b-1cd88c7b99fa
1101,3d448dc4-66be-47dc-b816-8f5c7d4945f5
1101,e804aaae-6268-4117-8fcb-2302825be98a
1101,3fa86846-2a1d-4b70-94f8-a536b1a000aa
1101,5b923377-1b20-4036-ab33-57695ca62bf6
1101,8dd4935c-1124-40d9-8116-7472c8ff6392
1101,7b236b39-576e-4a6d-8611-85ba71387ba5
1101,f59a2078-7b73-4bf5-af9a-4aad56b33184
1101,8b71484b-b0ba-4f86-87cc-250c83e921ad
1101,7dafc455-e1eb-4f20-9a3f-6c7281182245
1101,07e19476-ebc2-415c-bbef-883797f6c2bc
1101,86cee7f5-5ff1-4cf1-a980-dcbaaa2039ec
1101,8dd4935c-1124-40d9-8116-7472c8ff6392
1101,27a01cfa-37ed-405b-bbc8-6a5dc3c43e25
1101,fe702c47-582b-4b27-98cd-42cd91d89f5c
1101,21d56859-3b83-49f6-8492-b6c6bd978888
1101,f68dea18-76dc-463e-a3a2-2793b694f811
1101,c21caef4-2052-4310-aad8-91472b3e146c
1101,73f9dc3c-ffef-45bf-8dc4-f1a911a2d277
1101,05678e16-dbb8-4236-9ae9-431600c46b19
1101,255cf727-2fb9-41d9-a33f-f00ecb241f2b
1101,1ebe39c4-72a8-4d8b-a45c-2145f5d96054
1101,aeafeb21-05bb-4cef-af4a-a35943c9e4f9
1101,1ebe39c4-72a8-4d8b-a45c-2145f5d96054
1101,492a3aaf-1be1-4168-a6d4-6c0a0a171d7f
1101,980fe044-b999-4b64-8f93-ff5afb094ad5
1101,b3f7f008-798f-4e12-ab42-70e3ddde8b43
1101,354a083f-fce1-413c-975e-9bc53dc1fe90
1101,95027f8a-ca30-4fc3-a191-1eb849f604c3
1101,b8c7de59-7ac5-4599-8d16-82eae895acbf
1101,ea3c42e8-bfef-468e-86d3-1a705f698f27
1101,1655562e-2b58-4f61-ac9c-333530202f41
1101,d4c3d6f3-bf98-4acc-acc7-0d87a00336aa
1101,204f9b4b-2a73-4264-a387-9d9024bfd837
1101,20438cda-af49-4c46-a659-3376ee823610
1101,beba627b-fad2-4d4f-aa8c-be0938bfa8a5
1101,76e83cea-fc2e-4aad-a128-6dac176ea511
1101,f848b34f-f277-4db0-b98f-53b6e4f2b0cd
1101,3afdd5e0-88d0-4f34-baa4-c218c607789e
1101,e948b4ab-fac0-431d-9844-21ecbfb973ba
1101,9bc3abf8-67a5-4718-8b9b-1cd88c7b99fa
1101,07ce3275-6366-422b-bf89-a2935a633b75
1101,9bfa4e1d-299b-47f0-b5ed-ccb9626dbeea
1101,5df057fc-9f95-4e93-8e84-d8d8b6313786
1101,3a54f896-0527-43a2-9542-a67a89594afb
1101,3473d3d9-5991-4dda-8b2e-9ef1406b18cf
1101,86680d72-cb04-46d4-8d4c-097c13ca462a
1101,5a9e70ee-635e-4f26-b11f-62c5ebb41f45
1101,9b215be0-0a2c-4c2f-a3b7-4d3d0c35f697
1101,936add3a-4ff4-4f05-9606-8228a0288bda
1101,60a8f65e-a23f-4a5b-a05c-dda9e636a814
1101,ebcbb89f-99d1-4f9d-a882-da510849df3d
1101,ae061bc5-a47d-46a0-8fd4-dd98506c86b3
1101,bee36a53-75a7-4d73-8ed1-be09cb4bc3de
1101,3a2ed5a6-a99f-4556-9a3d-f3b2573c246f
1101,00db3026-4d10-433d-b99c-43d373cd8690
1101,822efa1d-318a-4b87-97a0-241b1e50bfbd
1101,bb019786-a8fe-4107-a59d-577859407b1f
1101,489f1edf-3832-4c86-b080-f338296aa830
1101,59227abe-045b-4564-b998-a1a0579ec0bb
1101,b6bd3e8d-a806-43eb-b72a-38f9e4b7fb00
1101,3921b850-e11d-47c5-b0f7-5c162ac33f69
1101,e00b644f-00c8-4fb8-8f78-87931c01f91c
1101,f292bfa2-f11b-43c3-9053-1fe5f9e30a08
1101,e9135d4c-e363-48c3-ba7b-7a18b3145f0a
1101,fe849f4f-904a-4e77-a0f8-05a7dadde04e
1101,e1e1dac0-153f-4000-88dc-d5185d53bd04
1101,000051b3-1cbd-47d3-8e00-e2e40475734c
1101,8e870cc7-68f2-493b-9174-0e7e87f4eaec
1101,8eb154cc-7dff-4d83-80ea-772af7a933d5
1101,25
1103,b8c7de59-7ac5-4599-8d16-82eae895acbf
1103,2c7055dd-b5b4-4621-816d-c662cceb9f21
1103,beba627b-fad2-4d4f-aa8c-be0938bfa8a5
1103,a2da8da7-9222-4c3f-bd5c-2b1c63689c65
1103,9a81750b-cf14-4ebb-bf12-453b17c85505
1103,8eb191d3-cae2-43c0-b7ce-a0a91f002b8f
1103,4282f52d-14ab-4684-8c99-d62a53010827
1103,f1b85d6a-20d6-482b-bc36-76babda6e9ec
1103,cb51e076-5e0b-4684-9e2e-57c6215c73fd
1103,ae061bc5-a47d-46a0-8fd4-dd98506c86b3
1103,fe849f4f-904a-4e77-a0f8-05a7dadde04e
1103,25
1103,e804aaae-6268-4117-8fcb-2302825be98a
1103,07e19476-ebc2-415c-bbef-883797f6c2bc
1103,fe53696f-5592-433d-a8e2-488e5917e3a3
1103,360c0a07-840e-4450-9ff2-792e9e980f5c
1103,40a50d55-cd0d-4d77-90ed-3fa97335f998
1103,eb379655-d3c3-42bd-95c0-c898c0f4a5f0
1103,186ada2d-d12e-484b-ae7c-6bd2899b81bd
1103,511e576e-b047-4015-8d5b-d712d25eae88
1103,8b71484b-b0ba-4f86-87cc-250c83e921ad
1103,60a8f65e-a23f-4a5b-a05c-dda9e636a814
1103,42f459e9-dccd-4ccb-a197-58fa7d4836c7
1103,86680d72-cb04-46d4-8d4c-097c13ca462a
1103,afec20d0-e9a7-4760-b3d5-b1cb892e45df
1103,3a949575-db41-467e-b77a-2f78ea499e63
1103,980fe044-b999-4b64-8f93-ff5afb094ad5
1103,8ed56fcc-f19c-4e9b-b141-3eb99b70a998
1103,822efa1d-318a-4b87-97a0-241b1e50bfbd
1103,ccb778dc-79d0-4aed-b358-1e9a208b1664
1103,8ed56fcd-e7c1-40ac-8081-65ca68946ed8
1103,204f9b4b-2a73-4264-a387-9d9024bfd837
1103,27a01cfa-37ed-405b-bbc8-6a5dc3c43e25
1103,23eb0740-b1da-455b-8105-ef628fd8adb9
1103,368bda2e-b213-4025-a90f-0d164d1f32c8
1103,d4c3d6f3-bf98-4acc-acc7-0d87a00336aa
1103,e00b644f-00c8-4fb8-8f78-87931c01f91c
1103,5caa744e-3b5d-4e16-88bd-9db9353ebb13
1103,f3ee6a3b-0983-4b0b-a56d-cb6a0f51d7e7
1103,f72efb77-cb51-471f-9c20-340169b34eb8
1103,3d448dc4-66be-47dc-b816-8f5c7d4945f5
1103,21d56859-3b83-49f6-8492-b6c6bd978888
1103,7dafc455-e1eb-4f20-9a3f-6c7281182245
1103,b12e6297-2b42-4ba5-8359-198520012da1
1103,51896345-eba8-4bd1-9916-40b578fd5f0d
1103,e9135d4c-e363-48c3-ba7b-7a18b3145f0a
1103,b6bd3e8d-a806-43eb-b72a-38f9e4b7fb00
1103,5a9e70ee-635e-4f26-b11f-62c5ebb41f45
1103,8ed56fcd-7cf7-48b6-80aa-c788e27ad072
1103,1be8a143-a311-4743-8654-2141507fc238
1103,34327712-520e-4f34-a0d2-235897d75a67
1103,9a4737a2-926a-4c85-9816-78fd6aad6333
1103,936add3a-4ff4-4f05-9606-8228a0288bda
1103,3a54f896-0527-43a2-9542-a67a89594afb
1103,86cee7f5-5ff1-4cf1-a980-dcbaaa2039ec
1103,e48b57fd-ac5e-4c01-9fc9-75804d749c4b
1103,59227abe-045b-4564-b998-a1a0579ec0bb
1103,59286d02-a7c1-42d6-a570-7a3af9e3785d
1103,ea3c42e8-bfef-468e-86d3-1a705f698f27
1103,5b923377-1b20-4036-ab33-57695ca62bf6
1103,aeafeb21-05bb-4cef-af4a-a35943c9e4f9
1103,00db3026-4d10-433d-b99c-43d373cd8690
1103,3fa86846-2a1d-4b70-94f8-a536b1a000aa
1103,bc310538-5bc1-4e4f-8514-397c416a3031
1103,8ed56fcc-d561-4bc1-a0f9-36783ddc35eb
1103,aa0e09ec-77ad-46b1-8865-dc379c254356
1103,ca380b7f-37dd-44b0-9e0d-34da6efd7940
1103,8ed56fcc-da63-45fa-b681-5acdd835a3cf
1103,ea7c6613-94bb-4f28-b55b-399ff2c7e848
1103,3f30ca95-6e6e-4a43-aa76-8f4f8e5859e1
1103,3a2ed5a6-a99f-4556-9a3d-f3b2573c246f
1103,9cadd6eb-777c-4d40-a186-072bbf7589d0
1103,fe702c47-582b-4b27-98cd-42cd91d89f5c
1103,9805f21c-8d3a-4e1a-bbc2-26f8fbffabc1
1103,7fc8aa07-53cb-45da-8a1b-0ebf76a43214
1103,f59a2078-7b73-4bf5-af9a-4aad56b33184
1103,d69fde24-a2c0-4acf-9aab-cf96125981ef
1103,5ce49e41-5d1d-44e1-97bd-454060cf10b3
1103,6d15557d-8ab8-48ac-9a72-8317eb38fe2c
1103,489f1edf-3832-4c86-b080-f338296aa830
1103,ae5662a9-e3df-45a7-a7ff-ae9e8098eb37
1103,3231dfb7-8aae-4997-9d03-9705f3b898f1
1103,24f39d06-9005-4e46-91d3-00119110445d
1103,03190770-b63a-4b2d-896f-365731d134c0
1103,8eb191d4-884e-496f-ace8-6f320db3d8a0
1103,f68dea18-76dc-463e-a3a2-2793b694f811
1103,76e83cea-fc2e-4aad-a128-6dac176ea511
1103,492a3aaf-1be1-4168-a6d4-6c0a0a171d7f
1103,3473d3d9-5991-4dda-8b2e-9ef1406b18cf
1103,7b236b39-576e-4a6d-8611-85ba71387ba5
1103,95027f8a-ca30-4fc3-a191-1eb849f604c3
1103,f273b499-5f20-4a0f-996a-bba39791cd0c
1103,b9aa48d7-1589-4580-ad0d-5b2aa8e0e226
1103,ae2ed0dc-f325-4655-ad17-6bf1eaff54c9
1103,8ed56fcd-8ca2-4f5a-82c4-dd694185b367
1103,8eb154cc-7dff-4d83-80ea-772af7a933d5
1103,8eb191d3-b541-4be2-a40f-a78d21356bc3
1103,03dc66b3-e7e7-40cc-ae36-80bf989e0d30
1103,495b4dbf-72ca-4b33-bcaf-1cb6cbf2bee4
1103,c21caef4-2052-4310-aad8-91472b3e146c
1103,73f9dc3c-ffef-45bf-8dc4-f1a911a2d277
1103,8e870cc7-68f2-493b-9174-0e7e87f4eaec
1103,1ebe39c4-72a8-4d8b-a45c-2145f5d96054
1103,e1e1dac0-153f-4000-88dc-d5185d53bd04
1103,f848b34f-f277-4db0-b98f-53b6e4f2b0cd
1103,3921b850-e11d-47c5-b0f7-5c162ac33f69
1103,513b31df-a5c4-48ed-b504-0f146bcc1062
1103,255cf727-2fb9-41d9-a33f-f00ecb241f2b
1103,0a899187-4249-4dd0-97be-aeb5273aae03
1103,8ed56fcc-b6b0-41b8-be47-ceaad18601d5
1103,bb019786-a8fe-4107-a59d-577859407b1f
1103,a541dc0d-3f56-483d-8a6d-8fff63fd3b62
1103,f76c81c0-691b-48b2-b60d-3a73f8391151
1103,82fee792-e28a-409e-812f-91334a50a134
1103,5df057fc-9f95-4e93-8e84-d8d8b6313786
1103,bee36a53-75a7-4d73-8ed1-be09cb4bc3de
1103,dc77b992-02bb-49e2-922b-911a78013cf8
1103,05678e16-dbb8-4236-9ae9-431600c46b19
1103,000051b3-1cbd-47d3-8e00-e2e40475734c
1103,8ed56fcd-eb54-449b-9ffd-9572c1de024d
1103,8d5a7196-2c02-4bc5-9fa3-74e949db6984
1103,1655562e-2b58-4f61-ac9c-333530202f41
1103,20438cda-af49-4c46-a659-3376ee823610
1103,9b215be0-0a2c-4c2f-a3b7-4d3d0c35f697
1103,b09fe3e9-f6ea-4e1e-83bc-428455f1b82f
1103,adc4b06b-b15e-4387-9479-fbca2dc85799
1103,354a083f-fce1-413c-975e-9bc53dc1fe90
1103,08e44c36-28e9-4cce-8587-94af55561732
6,10411
10,418
1100,bee36a53-75a7-4d73-8ed1-be09cb4bc3de
1100,f848b34f-f277-4db0-b98f-53b6e4f2b0cd
1100,59227abe-045b-4564-b998-a1a0579ec0bb
1100,76e83cea-fc2e-4aad-a128-6dac176ea511
1100,bb019786-a8fe-4107-a59d-577859407b1f
1100,489f1edf-3832-4c86-b080-f338296aa830
1100,beba627b-fad2-4d4f-aa8c-be0938bfa8a5
1100,ae061bc5-a47d-46a0-8fd4-dd98506c86b3
1100,00db3026-4d10-433d-b99c-43d373cd8690
1100,5df057fc-9f95-4e93-8e84-d8d8b6313786
1100,ea3c42e8-bfef-468e-86d3-1a705f698f27
1100,d4c3d6f3-bf98-4acc-acc7-0d87a00336aa
1100,204f9b4b-2a73-4264-a387-9d9024bfd837
1100,822efa1d-318a-4b87-97a0-241b1e50bfbd
1100,20438cda-af49-4c46-a659-3376ee823610
1100,b8c7de59-7ac5-4599-8d16-82eae895acbf
1100,b6bd3e8d-a806-43eb-b72a-38f9e4b7fb00
1100,1655562e-2b58-4f61-ac9c-333530202f41
1100,3a2ed5a6-a99f-4556-9a3d-f3b2573c246f
1100,3afdd5e0-88d0-4f34-baa4-c218c607789e
1100,000051b3-1cbd-47d3-8e00-e2e40475734c
1100,e9135d4c-e363-48c3-ba7b-7a18b3145f0a
1100,e1e1dac0-153f-4000-88dc-d5185d53bd04
1100,fe849f4f-904a-4e77-a0f8-05a7dadde04e
1100,f292bfa2-f11b-43c3-9053-1fe5f9e30a08
1100,e00b644f-00c8-4fb8-8f78-87931c01f91c
1100,3921b850-e11d-47c5-b0f7-5c162ac33f69
1100,9cadd6eb-777c-4d40-a186-072bbf7589d0
1100,9a81750b-cf14-4ebb-bf12-453b17c85505
1100,23eb0740-b1da-455b-8105-ef628fd8adb9
1100,ed63b831-bcd9-4b43-8a8c-5fbf6e65ab71
1100,adc4b06b-b15e-4387-9479-fbca2dc85799
1100,e804aaae-6268-4117-8fcb-2302825be98a
1100,3fa86846-2a1d-4b70-94f8-a536b1a000aa
1100,afec20d0-e9a7-4760-b3d5-b1cb892e45df
1100,21d56859-3b83-49f6-8492-b6c6bd978888
1100,255cf727-2fb9-41d9-a33f-f00ecb241f2b
1100,f68dea18-76dc-463e-a3a2-2793b694f811
1100,27a01cfa-37ed-405b-bbc8-6a5dc3c43e25
1100,73f9dc3c-ffef-45bf-8dc4-f1a911a2d277
1100,fe702c47-582b-4b27-98cd-42cd91d89f5c
1100,05678e16-dbb8-4236-9ae9-431600c46b19
1100,6d15557d-8ab8-48ac-9a72-8317eb38fe2c
1100,c21caef4-2052-4310-aad8-91472b3e146c
1100,4282f52d-14ab-4684-8c99-d62a53010827
1100,dd9554ce-e674-4956-a90a-a882bc069360
1100,7886f22a-4002-44d2-a0ae-22c430253412
1100,0fba29dc-cb75-482f-b0b8-f694373c300f
1100,cfb30f0e-af8e-4309-83a3-9ccde51418ca
1100,ba79baed-2149-4059-ba77-e88c90d63060
1100,e0b961d3-9fcc-4fda-83a8-2cd673bf41ed
1100,ae5662a9-e3df-45a7-a7ff-ae9e8098eb37
1100,52516705-7d75-4340-9515-bb366e80bd7d
1100,eb379655-d3c3-42bd-95c0-c898c0f4a5f0
1100,cb51e076-5e0b-4684-9e2e-57c6215c73fd
1100,ea7c6613-94bb-4f28-b55b-399ff2c7e848
1100,51896345-eba8-4bd1-9916-40b578fd5f0d
1100,9805f21c-8d3a-4e1a-bbc2-26f8fbffabc1
1100,e48b57fd-ac5e-4c01-9fc9-75804d749c4b
1100,f1b85d6a-20d6-482b-bc36-76babda6e9ec
1100,368bda2e-b213-4025-a90f-0d164d1f32c8
1100,fe53696f-5592-433d-a8e2-488e5917e3a3
1100,3d448dc4-66be-47dc-b816-8f5c7d4945f5
1100,360c0a07-840e-4450-9ff2-792e9e980f5c
1100,3231dfb7-8aae-4997-9d03-9705f3b898f1
1100,f76c81c0-691b-48b2-b60d-3a73f8391151
1100,b9aa48d7-1589-4580-ad0d-5b2aa8e0e226
1100,513b31df-a5c4-48ed-b504-0f146bcc1062
1100,495b4dbf-72ca-4b33-bcaf-1cb6cbf2bee4
1100,03190770-b63a-4b2d-896f-365731d134c0
1100,d0e0618c-041b-40a4-a2b1-e46f334614a3
1100,08e44c36-28e9-4cce-8587-94af55561732
1100,40a50d55-cd0d-4d77-90ed-3fa97335f998
1100,b09fe3e9-f6ea-4e1e-83bc-428455f1b82f
1100,24f39d06-9005-4e46-91d3-00119110445d
1100,f273b499-5f20-4a0f-996a-bba39791cd0c
1100,aa0e09ec-77ad-46b1-8865-dc379c254356
1100,3f30ca95-6e6e-4a43-aa76-8f4f8e5859e1
1100,82fee792-e28a-409e-812f-91334a50a134
1100,6537a656-bf8b-41f7-95d8-925517a5be67
1100,5e9ef4a5-3c8a-4280-93c1-bc7ce02527ed
1101,8ed56fcc-f19c-4e9b-b141-3eb99b70a998
1101,7aaf678d-ef62-4827-9678-1a4a367942b2
1101,8ed56fcc-d561-4bc1-a0f9-36783ddc35eb
1101,8ed56fcd-a959-4e6a-a441-5864a60f084b
1101,33a67ece-c05a-462e-ad03-957d18d284fb
1101,8ed56fcd-eb54-449b-9ffd-9572c1de024d
1101,8ed56fcd-8ca2-4f5a-82c4-dd694185b367
1101,8ed56fcc-b6b0-41b8-be47-ceaad18601d5
1101,8ed56fcc-da63-45fa-b681-5acdd835a3cf
1100,23eb0740-b1da-455b-8105-ef628fd8adb9
1100,d4c3d6f3-bf98-4acc-acc7-0d87a00336aa
1100,4282f52d-14ab-4684-8c99-d62a53010827
1100,20438cda-af49-4c46-a659-3376ee823610
1100,5df057fc-9f95-4e93-8e84-d8d8b6313786
1100,204f9b4b-2a73-4264-a387-9d9024bfd837
1100,3921b850-e11d-47c5-b0f7-5c162ac33f69
1100,75aa2e66-7f09-4078-b6f7-042caa9bf98e
1100,ed63b831-bcd9-4b43-8a8c-5fbf6e65ab71
1100,e804aaae-6268-4117-8fcb-2302825be98a
1100,76e83cea-fc2e-4aad-a128-6dac176ea511
1100,fe849f4f-904a-4e77-a0f8-05a7dadde04e
1100,e00b644f-00c8-4fb8-8f78-87931c01f91c
1100,f292bfa2-f11b-43c3-9053-1fe5f9e30a08
1100,e1e1dac0-153f-4000-88dc-d5185d53bd04
1100,000051b3-1cbd-47d3-8e00-e2e40475734c
1100,1655562e-2b58-4f61-ac9c-333530202f41
1100,e9135d4c-e363-48c3-ba7b-7a18b3145f0a
1100,489f1edf-3832-4c86-b080-f338296aa830
1100,00db3026-4d10-433d-b99c-43d373cd8690
1100,822efa1d-318a-4b87-97a0-241b1e50bfbd
1100,ae061bc5-a47d-46a0-8fd4-dd98506c86b3
1100,bee36a53-75a7-4d73-8ed1-be09cb4bc3de
1100,59227abe-045b-4564-b998-a1a0579ec0bb
1100,3a2ed5a6-a99f-4556-9a3d-f3b2573c246f
1100,bb019786-a8fe-4107-a59d-577859407b1f
1100,4282f52d-14ab-4684-8c99-d62a53010827
1100,3fa86846-2a1d-4b70-94f8-a536b1a000aa
1100,23eb0740-b1da-455b-8105-ef628fd8adb9
1100,ed63b831-bcd9-4b43-8a8c-5fbf6e65ab71
1100,c2d5a8bf-009c-4361-8c29-5a3a75818d09
1100,e804aaae-6268-4117-8fcb-2302825be98a
1100,adc4b06b-b15e-4387-9479-fbca2dc85799
1100,9cadd6eb-777c-4d40-a186-072bbf7589d0
1100,cb51e076-5e0b-4684-9e2e-57c6215c73fd
1100,ba79baed-2149-4059-ba77-e88c90d63060
1100,dd9554ce-e674-4956-a90a-a882bc069360
1100,7886f22a-4002-44d2-a0ae-22c430253412
1100,52516705-7d75-4340-9515-bb366e80bd7d
1100,0fba29dc-cb75-482f-b0b8-f694373c300f
1100,cfb30f0e-af8e-4309-83a3-9ccde51418ca
1100,e0b961d3-9fcc-4fda-83a8-2cd673bf41ed
1100,ae5662a9-e3df-45a7-a7ff-ae9e8098eb37
1100,27a01cfa-37ed-405b-bbc8-6a5dc3c43e25
1100,fe702c47-582b-4b27-98cd-42cd91d89f5c
1100,05678e16-dbb8-4236-9ae9-431600c46b19
1100,6d15557d-8ab8-48ac-9a72-8317eb38fe2c
1100,73f9dc3c-ffef-45bf-8dc4-f1a911a2d277
1100,255cf727-2fb9-41d9-a33f-f00ecb241f2b
1100,21d56859-3b83-49f6-8492-b6c6bd978888
1100,c21caef4-2052-4310-aad8-91472b3e146c
1100,f68dea18-76dc-463e-a3a2-2793b694f811
1100,6537a656-bf8b-41f7-95d8-925517a5be67
1100,aa0e09ec-77ad-46b1-8865-dc379c254356
1100,24f39d06-9005-4e46-91d3-00119110445d
1100,40a50d55-cd0d-4d77-90ed-3fa97335f998
1100,f273b499-5f20-4a0f-996a-bba39791cd0c
1100,d0e0618c-041b-40a4-a2b1-e46f334614a3
1100,08e44c36-28e9-4cce-8587-94af55561732
1100,b09fe3e9-f6ea-4e1e-83bc-428455f1b82f
1100,08e44c36-28e9-4cce-8587-94af55561732
1100,82fee792-e28a-409e-812f-91334a50a134
1100,6537a656-bf8b-41f7-95d8-925517a5be67
1100,5e9ef4a5-3c8a-4280-93c1-bc7ce02527ed
1100,495b4dbf-72ca-4b33-bcaf-1cb6cbf2bee4
1100,fe53696f-5592-433d-a8e2-488e5917e3a3
1100,513b31df-a5c4-48ed-b504-0f146bcc1062
1100,b9aa48d7-1589-4580-ad0d-5b2aa8e0e226
1100,3d448dc4-66be-47dc-b816-8f5c7d4945f5
1100,3231dfb7-8aae-4997-9d03-9705f3b898f1
1100,360c0a07-840e-4450-9ff2-792e9e980f5c
1100,f76c81c0-691b-48b2-b60d-3a73f8391151
1100,e48b57fd-ac5e-4c01-9fc9-75804d749c4b
1100,ea7c6613-94bb-4f28-b55b-399ff2c7e848
1100,368bda2e-b213-4025-a90f-0d164d1f32c8
1100,9805f21c-8d3a-4e1a-bbc2-26f8fbffabc1
1100,f1b85d6a-20d6-482b-bc36-76babda6e9ec
1100,51896345-eba8-4bd1-9916-40b578fd5f0d
1100,b8c7de59-7ac5-4599-8d16-82eae895acbf
1100,5e9ef4a5-3c8a-4280-93c1-bc7ce02527ed
1100,25
1100,8eb154cc-7dff-4d83-80ea-772af7a933d5
1100,8e870cc7-68f2-493b-9174-0e7e87f4eaec
1087,343
1087,10398
1087,249
1087,362
1,9995
685,2310
685,2315
685,426
,10609
,40
,10470
,347
,294
737,9908
737,9910
737,9874
737,9810
737,10164
737,10168
737,1364
737,8e590e4b-7e9d-4866-a169-a4ca5d0d4f59
737,422
737,401
737,10398
737,361
737,249
737,258
737,261
737,200
737,210
737,215
737,214
737,95
737,8e5b4740-7d2c-483a-9020-f04e2ef29b9c
685,264
685,87
685,2309
685,2306
737,459
737,458
737,422
737,423
737,298
737,297
737,249
737,200
737,10136
737,144
737,87
737,86
737,41
737,40
737,10411
737,10138
737,762
737,776
1020,3567
1020,3572
1020,3573
1020,3585
1020,3571
1020,3628
1020,3629
1020,3662
1020,3660
1020,3666
1020,3667
1020,3669
1020,3671
1020,3711
1020,3720
1020,3725
1020,4078
1020,4083
1020,4096
1020,4159
1020,4161
1020,4182
1020,4186
1020,4185
1020,4211
1020,10127
1020,9989
1020,9990
1020,9984
1020,9985
1020,9986
1020,9730
1020,9799
1020,9794
1020,9915
1096,419
1096,340
1096,245
1096,246
1096,141
1096,294
1096,197
1096,83
737,459
737,458
737,515
737,423
737,422
737,10401
737,8e90e795-c539-46bf-b1bd-6e8005659966
737,10398
737,297
737,298
737,301
737,343
737,10396
737,201
737,200
737,249
737,250
737,263
737,264
737,3772
737,3870
737,86
737,87
737,10469
737,10448
737,25
737,8e870cc7-68f2-493b-9174-0e7e87f4eaec
737,8eb154cc-7dff-4d83-80ea-772af7a933d5
685,423
685,422
685,10398
685,297
685,250
685,200
685,201
685,144
1,8e7d4750-dc37-49f4-b748-829797a8f832
1,2092
1,8ed56fcd-a959-4e6a-a441-5864a60f084b
1,2226
1098,8ed10be3-0682-4b31-bb61-a8853a5c5a8f
1098,8ed56c83-9ec8-4fe9-ac74-eac6bdbf4f62
1098,8ed5885f-44c6-4aa4-ae1c-14670eb7d768
1098,10402
1098,8ed58caf-b0d2-46b2-a5a6-3f47b656048f
1098,8ed58d63-e925-45c0-849e-ff9a71d38b40
1098,8ed56e76-ba8b-48dc-96ce-22add462f2e2
1098,8ed56fcd-e7c1-40ac-8081-65ca68946ed8
1098,8ed58e6e-3b3c-4356-b9e3-d2dcf4e5973d
1098,100
1098,8ed59136-514e-46be-90c9-d78b99f7d7c5
1098,8ed590b2-d73d-4a88-9160-80dffb0cdac7
1098,8ed56fcc-57bf-4930-a302-b509a9568ae9
1098,8ed59916-a55a-43a6-a3e5-27fa31bb8ac1
1098,25
1098,430fad21-edb0-4c29-80cc-0595d939a01b
1098,7e464a37-c7df-4446-be7d-e46fc979dd31
1098,cc6265e9-5fc4-4798-a05f-8609ada59f40
1098,23ce766f-0c23-45f4-8a66-0c353e295cf9
1098,7518d89f-847f-4e28-a24b-e27610b7688a
1098,48589a35-0ee6-404c-8299-0f3b48f05b03
1098,8ed58caf-b0d2-46b2-a5a6-3f47b656048f
1098,8ed58d63-e925-45c0-849e-ff9a71d38b40
1098,8edf6865-7898-4ab0-8456-70dcb083730a
1098,23ce766f-0c23-45f4-8a66-0c353e295cf9
1098,48589a35-0ee6-404c-8299-0f3b48f05b03
1098,5e965046-2e46-4cfe-ab5b-998a08ad1e7d
1098,7518d89f-847f-4e28-a24b-e27610b7688a
1098,e804aaae-6268-4117-8fcb-2302825be98a
1098,adc4b06b-b15e-4387-9479-fbca2dc85799
1098,9cadd6eb-777c-4d40-a186-072bbf7589d0
1098,23eb0740-b1da-455b-8105-ef628fd8adb9
1098,9a81750b-cf14-4ebb-bf12-453b17c85505
1098,afec20d0-e9a7-4760-b3d5-b1cb892e45df
1098,ed63b831-bcd9-4b43-8a8c-5fbf6e65ab71
1098,d0e0618c-041b-40a4-a2b1-e46f334614a3
1098,aa0e09ec-77ad-46b1-8865-dc379c254356
1098,08e44c36-28e9-4cce-8587-94af55561732
1098,b09fe3e9-f6ea-4e1e-83bc-428455f1b82f
1098,f273b499-5f20-4a0f-996a-bba39791cd0c
1098,24f39d06-9005-4e46-91d3-00119110445d
1098,40a50d55-cd0d-4d77-90ed-3fa97335f998
1098,f848b34f-f277-4db0-b98f-53b6e4f2b0cd
1098,f848b34f-f277-4db0-b98f-53b6e4f2b0cd
1098,beba627b-fad2-4d4f-aa8c-be0938bfa8a5
1098,20438cda-af49-4c46-a659-3376ee823610
1098,204f9b4b-2a73-4264-a387-9d9024bfd837
1098,d4c3d6f3-bf98-4acc-acc7-0d87a00336aa
1098,1655562e-2b58-4f61-ac9c-333530202f41
1098,ba79baed-2149-4059-ba77-e88c90d63060
1098,dd9554ce-e674-4956-a90a-a882bc069360
1098,7886f22a-4002-44d2-a0ae-22c430253412
1098,52516705-7d75-4340-9515-bb366e80bd7d
1098,cfb30f0e-af8e-4309-83a3-9ccde51418ca
1098,e0b961d3-9fcc-4fda-83a8-2cd673bf41ed
1098,ae5662a9-e3df-45a7-a7ff-ae9e8098eb37
1098,ae061bc5-a47d-46a0-8fd4-dd98506c86b3
1098,3a2ed5a6-a99f-4556-9a3d-f3b2573c246f
1098,00db3026-4d10-433d-b99c-43d373cd8690
1098,822efa1d-318a-4b87-97a0-241b1e50bfbd
1098,bb019786-a8fe-4107-a59d-577859407b1f
1098,489f1edf-3832-4c86-b080-f338296aa830
1098,59227abe-045b-4564-b998-a1a0579ec0bb
1098,3231dfb7-8aae-4997-9d03-9705f3b898f1
1098,360c0a07-840e-4450-9ff2-792e9e980f5c
1098,3d448dc4-66be-47dc-b816-8f5c7d4945f5
1098,495b4dbf-72ca-4b33-bcaf-1cb6cbf2bee4
1098,513b31df-a5c4-48ed-b504-0f146bcc1062
1098,b9aa48d7-1589-4580-ad0d-5b2aa8e0e226
1098,f76c81c0-691b-48b2-b60d-3a73f8391151
1098,fe53696f-5592-433d-a8e2-488e5917e3a3
1098,8ee5e4ce-9da9-4c85-b7f8-afa402cd70df
1098,8ee5e564-0553-4741-b9da-17e69ba6db9b
1098,8ee5e631-1548-43ad-9f79-98c7263c7e86
1098,8ee5ec58-8aa8-4dba-81ba-5afbd05a3c75
1098,8ee5ed49-79d3-47fb-8ea9-6f23a13b378a
1098,8ee5eff6-583a-4edd-b6fa-7edb25796ed6
1098,8ee5f1ee-9f89-4d32-9298-952bbf9206b1
1098,8ee5f304-ef69-4283-811d-e57665c29521
1098,8ee5f404-d05b-4ba7-a5ad-90a075bab64f
1098,8ee5f4f2-7894-48c6-9e39-afafb06288a2
1098,8ee5f591-3df7-4deb-afb0-cbd8576cbe60
1098,8ee7531f-7ac7-4923-8af0-323b05ed1b69
1098,8ee75384-5208-4df4-8cd4-6bf1153aad71
1098,8ee755fd-0655-4b9e-a941-a28c519c7c59
1098,8ee75a0a-b5bf-40e1-a495-0b7fefc2e6ae
1098,8ee75ac9-89e4-49a9-8611-8dee3789a862
1098,8ee75be2-5ae8-43d2-b9c1-ad46ef91a5e1
1098,8ee75c69-4556-4732-a1b5-8b5dc8256cfc
1098,8ee75e71-3bed-4b7d-b63a-77d070cca732
1096,418
1096,419
1096,339
1096,247
1096,196
1096,197
1096,144
1096,40
1096,1783
1096,10426
1096,10158
1096,347
1096,384
1096,204
737,723
737,776
737,10418
737,10007
737,497
1105,419
1105,340
1105,294
1105,418
1105,197
1105,196
1105,83
1105,82
1105,40
1105,8e90e060-8e9f-46f2-b1df-6ef58cbcc724
1098,8ee5509f-41ff-47db-a99c-2e520ecd598e
1098,8ee55608-3468-48c2-a9e3-9113752a1f4e
1098,8ee55861-e49c-4c2f-86ab-bdbdfd9a1049
1098,8ee55861-f599-4c60-8a38-ba8864b4df07
1098,8ee55861-dd87-4567-8274-b58a93d0a7c8
1098,8ee55861-f742-4f6a-a180-a4e22030129b
1098,8ee55861-ecc7-403d-b9de-ef88e5cbcd6a
1098,8ee55861-ffe8-4255-8a8d-6aad67603616
1098,2749
1098,2748
1098,8ee55b71-a5ba-441d-a0e1-b7e359f9e5e1
1098,8ee55c5b-0549-437a-ba1d-03e108c6ffe8
1098,8ee55dfc-d78a-4fbe-b902-0bcb77c9b835
1098,8ee55ee4-4985-4420-bfe9-f19397ad8230
1098,8ee55fd0-bd21-4d54-814e-a92d5646b801
1098,5218
1098,4078
1098,b6bd3e8d-a806-43eb-b72a-38f9e4b7fb00
1098,4282f52d-14ab-4684-8c99-d62a53010827
1098,3f30ca95-6e6e-4a43-aa76-8f4f8e5859e1
1098,2401
1098,2420
1098,3569
1098,3567
1098,8ee56304-7775-4cbc-8dca-51c3865fac08
1098,8ee563b5-02d2-42bb-b63b-3b24e08911a5
1098,8ee55861-e12b-4819-9c84-95f38b4360b1
1098,8ee55c5b-0549-437a-ba1d-03e108c6ffe8
1107,8ee77d76-b73b-409e-aa14-e28d6d7665a6
1107,8ee77e24-69ca-4e2c-9d7f-d42f31128ca9
1107,8ee77f8d-eade-40c5-a68f-e0f13d85b83b
1107,8ee77ffe-94d6-4c61-9f76-e6a52d28c708
1107,8ee78094-165c-48bc-805c-0bdfee102f19
1107,8ee5509f-41ff-47db-a99c-2e520ecd598e
1107,8ee55608-3468-48c2-a9e3-9113752a1f4e
1107,8ee784f6-7469-4e1d-a786-dbd42288155b
1107,8ee785af-8637-4430-9d4e-3b6d466f25a2
1107,8ee785fe-360a-4841-9bad-3bbc12d724e6
1107,8ee786fb-4af1-4d81-8c42-2173f0ab9057
1107,8ee78875-21a1-4821-b37b-48f67a7faa0a
1107,8ee78911-c58b-4bd5-9cdf-52b69ff8e51b
1107,430fad21-edb0-4c29-80cc-0595d939a01b
1107,7e464a37-c7df-4446-be7d-e46fc979dd31
1107,cc6265e9-5fc4-4798-a05f-8609ada59f40
1107,cdf57af1-887e-4ccf-9970-f74c9b9e936b
1107,23ce766f-0c23-45f4-8a66-0c353e295cf9
1107,48589a35-0ee6-404c-8299-0f3b48f05b03
1107,5e965046-2e46-4cfe-ab5b-998a08ad1e7d
1107,7518d89f-847f-4e28-a24b-e27610b7688a
1107,07ce3275-6366-422b-bf89-a2935a633b75
1107,45dc202c-1871-4cd4-97d1-280f68f35106
1107,9bc3abf8-67a5-4718-8b9b-1cd88c7b99fa
1107,e948b4ab-fac0-431d-9844-21ecbfb973ba
1107,8ee5f304-ef69-4283-811d-e57665c29521
1107,8ee7a7f0-b205-4ef4-b26e-3d82da74f5ef
1107,8ee7a7f0-b205-4ef4-b26e-3d82da74f5ef
1107,8ee7ab11-1be1-48d8-a993-9f71cb4f7537
1103,8ee5509f-41ff-47db-a99c-2e520ecd598e
1103,8ee55608-3468-48c2-a9e3-9113752a1f4e
1103,8ee7ce6c-7790-4bcb-a54f-da0543e30cc1
1103,8ee7cf11-4d2f-4f5d-bf2d-e03cbd25737e
1103,8ee7b987-c28b-4d7d-bf4b-11c465fd7bee
1101,8ee55608-3468-48c2-a9e3-9113752a1f4e
1101,8ee5509f-41ff-47db-a99c-2e520ecd598e
1101,8ee7b987-c28b-4d7d-bf4b-11c465fd7bee
1101,8ee7ce6c-7790-4bcb-a54f-da0543e30cc1
1101,8ee7cf11-4d2f-4f5d-bf2d-e03cbd25737e
1101,8ee7d387-b2b6-4ebc-a13f-7ad166052492
1101,8ee7d40a-c584-4f71-a493-9cd54b8365d0
1101,8ee7d501-c7e2-466d-a547-2525af112176
1101,8ee7d5a2-f71f-4d5e-9d6d-b9ad880ab1a3
1101,8ee785af-8637-4430-9d4e-3b6d466f25a2
1101,8ee7d6e3-034a-41b0-b628-960c51ee3520
1101,8ee7d75b-1d6f-4d7c-84e7-d991be1a7926
1101,8ee3da2a-c851-4da8-ba57-55dab4e7e4f6
1101,8ee7d93a-f812-4572-ad58-95e00944ddac
737,10411
737,41
737,8e6726a0-8610-4cb5-95e7-f91399059e92
737,7aaf678d-ef62-4827-9678-1a4a367942b2
737,8e98fefc-fa33-46b5-bdc3-91f596601c10
737,9914
737,9810
1096,431
1096,1561
1096,1563
1096,8ecd82ba-d22d-4119-902a-8375913b05c4
1096,5df057fc-9f95-4e93-8e84-d8d8b6313786
1096,8ee7c870-1999-4d74-9d95-7505f8d82223
1096,8ee7c870-260a-48cf-9ea0-e9a6172d4d48
1096,8ee7c870-4414-4c89-b15d-751ca93d9561
1096,8ee7c870-54c3-44a2-b85f-57cccb7be45d
1096,3921b850-e11d-47c5-b0f7-5c162ac33f69
1096,8ee7c870-b3e6-43a6-926c-25b193f03240
1096,8ee7c870-cb7a-4bc2-bae2-109c131fdf3a
1096,8ee7c870-eb60-438b-b59d-837ffe5c502d
1096,9bfa4e1d-299b-47f0-b5ed-ccb9626dbeea
1096,07ce3275-6366-422b-bf89-a2935a633b75
1096,8ee7c86d-b1a1-4954-9924-4869753d8f1b
1096,8ee7c86d-d43a-47b3-b99e-3ce183a0535f
1096,8ee7c86d-df21-48af-b097-98fd1fe2ad38
1096,8ee7c86e-712e-4fc9-b1c3-05a2c6616a22
1096,8ee7c86e-5c3c-4624-85e9-de40e3138e83
1096,8ee7c86e-48bc-4018-b27b-a97aafe7f53a
1096,8ee7c86e-74b6-4157-97c8-803a4c588f56
1096,8ee7c86e-99d2-41aa-869b-acfb64ba3325
1096,ccb778dc-79d0-4aed-b358-1e9a208b1664
1096,ca380b7f-37dd-44b0-9e0d-34da6efd7940
1096,d2b556a5-fbe2-4f45-b35d-5647358f2251
1096,e1272eef-0707-477b-aeb5-da5e396dfaec
1096,5e965046-2e46-4cfe-ab5b-998a08ad1e7d
1096,23ce766f-0c23-45f4-8a66-0c353e295cf9
1096,7518d89f-847f-4e28-a24b-e27610b7688a
1096,82fee792-e28a-409e-812f-91334a50a134
1096,9a4737a2-926a-4c85-9816-78fd6aad6333
1096,8ee7c86a-2c8d-4f47-a4f2-0b98ff5b752d
1096,430fad21-edb0-4c29-80cc-0595d939a01b
1096,7e464a37-c7df-4446-be7d-e46fc979dd31
1096,8ee785af-8637-4430-9d4e-3b6d466f25a2
1096,6537a656-bf8b-41f7-95d8-925517a5be67
1096,4282f52d-14ab-4684-8c99-d62a53010827
1096,b6bd3e8d-a806-43eb-b72a-38f9e4b7fb00
1096,2729
1096,2731
1096,2732
1096,2733
1096,2735
1096,2736
1096,2745
1096,2747
1096,2750
1096,2765
1096,2766
1096,8ef60b0f-8dfc-4b85-9db4-bcb92a76b283
1096,8ee7c897-a0c5-4a18-96ad-b0b0c175ba7a
1096,8ee7c897-ca98-42a7-be72-05c39fc2e7e8
1096,8ee7c894-239a-4f39-8356-8f8df7b00c31
1110,7aaf678d-ef62-4827-9678-1a4a367942b2
1110,8ef77473-46e9-4fc3-8883-aa77fc83cf57
1110,335d65f8-7e1a-4ad4-8aa2-7eeb730ec4b1
1110,eb379655-d3c3-42bd-95c0-c898c0f4a5f0
1110,cb51e076-5e0b-4684-9e2e-57c6215c73fd
1110,4282f52d-14ab-4684-8c99-d62a53010827
1110,73f9dc3c-ffef-45bf-8dc4-f1a911a2d277
1110,255cf727-2fb9-41d9-a33f-f00ecb241f2b
1110,21d56859-3b83-49f6-8492-b6c6bd978888
1110,6537a656-bf8b-41f7-95d8-925517a5be67
1110,5e9ef4a5-3c8a-4280-93c1-bc7ce02527ed
1110,8ee7c877-4ebe-4bae-b88e-1251ffa4b346
1110,9805f21c-8d3a-4e1a-bbc2-26f8fbffabc1
1110,e48b57fd-ac5e-4c01-9fc9-75804d749c4b
1110,ea7c6613-94bb-4f28-b55b-399ff2c7e848
1110,ea3c42e8-bfef-468e-86d3-1a705f698f27
1110,b8c7de59-7ac5-4599-8d16-82eae895acbf
1110,b6bd3e8d-a806-43eb-b72a-38f9e4b7fb00
1110,8ee7c870-54c3-44a2-b85f-57cccb7be45d
1110,3921b850-e11d-47c5-b0f7-5c162ac33f69
1110,fe849f4f-904a-4e77-a0f8-05a7dadde04e
1110,8ee7c88f-0835-47eb-8401-c539328f704d
1110,8ee7c88e-cad2-42d5-a7a6-486402b2f30f
1110,8ee7c88f-1b98-4f67-bc93-006dece5940a
1110,8ee7c88e-8753-4e8c-b454-4b92f657f736
1110,8ef5bf08-e28d-48a1-b5a3-cd0422d7af07
1111,8ef99b47-d42f-4627-a507-f56418fde511
1111,8ee7c891-2310-4ab3-a7f7-6da27edf8fdc
1111,8ef99b47-dbfd-4288-a098-4a218e3d6c38
1111,b6bd3e8d-a806-43eb-b72a-38f9e4b7fb00
1111,6537a656-bf8b-41f7-95d8-925517a5be67
1111,368bda2e-b213-4025-a90f-0d164d1f32c8
1111,8ef99b48-620c-4154-bfbe-1ae17a6522f2
1111,8ef99b47-d836-4cae-9c6f-730e1cef4416
1111,4888e356-adb5-4f19-a054-45952cf21ab0
1111,8ef99b47-d589-4570-932a-c27e827a763b
1111,7aaf678d-ef62-4827-9678-1a4a367942b2
1111,511e576e-b047-4015-8d5b-d712d25eae88
1111,8ed56fcd-c29d-4981-8ad8-1de8927f4304
1111,8ef99b47-aff6-4cb4-b013-155fec61f7e8
1111,4282f52d-14ab-4684-8c99-d62a53010827
1111,8ef99b48-3d92-4cac-a8bb-9b0f7e780b54
1111,8ef99b47-d87f-4206-be27-a9e9052a2ac8
1111,8ef99b48-52fb-4709-a771-6792a9338dd0
1111,8ef99b47-ecf4-43b9-9fcb-63b701e752fc
1111,8ef99b47-ef36-4348-85fa-4d683bd88e2f
1111,8ef99b47-f1dc-43f9-90d2-08cfc53f2d6e
1111,8ef99b47-f318-4240-8e4e-8da1eed40532
1094,8e7aa62c-49c1-4d65-be63-ab93fe66aa61
1094,8ed56fcd-eb54-449b-9ffd-9572c1de024d
1094,8ed56fcd-a959-4e6a-a441-5864a60f084b
1109,8ed56fcd-eb54-449b-9ffd-9572c1de024d
1107,8efb75a0-8832-4212-a0f9-5484e20c58ce
1098,8efb7dbb-a475-49e4-88f8-5953018f4cb2
1098,8efb803d-fdb4-4208-8494-793ee2b6c211
1098,100
1098,8efb75a0-8832-4212-a0f9-5484e20c58ce
1098,8ee7b987-c28b-4d7d-bf4b-11c465fd7bee
1107,3021
1107,3027
1107,3032
1107,1ebe39c4-72a8-4d8b-a45c-2145f5d96054
1107,980fe044-b999-4b64-8f93-ff5afb094ad5
1107,492a3aaf-1be1-4168-a6d4-6c0a0a171d7f
1107,0a899187-4249-4dd0-97be-aeb5273aae03
1107,dc77b992-02bb-49e2-922b-911a78013cf8
1107,a541dc0d-3f56-483d-8a6d-8fff63fd3b62
1107,8dd4935c-1124-40d9-8116-7472c8ff6392
1107,f59a2078-7b73-4bf5-af9a-4aad56b33184
1107,7dafc455-e1eb-4f20-9a3f-6c7281182245
1107,3034
1107,3035
1,8ef5bf0f-4e67-4e0d-a6e4-0c0c8f9453d5
1,8ef5bf10-0a4b-45c6-8fea-4bd5030e2b0d
1,8ef5bf0f-fb8a-496c-9c48-7d8c305e20dd
1,8ef5bf0f-7ec0-40e1-8909-036034a806e1
1,8ef5bf0f-d1a2-464a-9558-e3a309928952
1,8ef5bf0f-6aef-417e-8997-9b7c47d8893d
1,8ef5bf0e-e405-41c1-99be-71455fe237b2
1,8ef5bf0e-d5ce-4275-af5e-a0e930b14ccd
1,8ef5bf11-0b75-4c4c-8ed7-b1fd4f18a849
1,8ef5bf10-c097-4614-9ddf-6ca6e5577ed8
1,8ef5bf10-b6f2-49a0-bdcb-cdfca5b42186
1,8ef5bf0a-e009-4a59-b928-eacaf762deca
1,8ef5bf07-a234-415f-b379-4f0627119345
1,8ef5bf09-9c27-479e-a8f5-9e2d6b30c9a9
1,8ef5bf07-b1d0-42f0-8033-52cc66cea266
1,8ef5bf07-74f9-4f1f-8ea5-5cf8e77fa5aa
1107,8effb0c8-5277-468b-8c35-1fe6be9fa1e0
1107,8effb0c8-c02d-44bd-8470-dc2a35b35d37
1107,8effb0c7-741f-4879-818a-03253b6977b2
1107,8ed56fcd-eb54-449b-9ffd-9572c1de024d
1107,8ee55608-3468-48c2-a9e3-9113752a1f4e
1107,8ef7f72e-c09e-42cd-a325-a4a8e03f6766
1107,8ef77473-a065-4394-985e-4d649b58f711
1107,8ed56fcd-c29d-4981-8ad8-1de8927f4304
1107,8ed56fcc-da63-45fa-b681-5acdd835a3cf
1107,8ed56fcc-f19c-4e9b-b141-3eb99b70a998
1107,8ed56fcc-fcc6-43d3-8f8d-46d83dceaeae
1107,8efb68c7-0716-4adc-8b5d-2d9d1eb9fe71
1107,10400
1107,8ed56fcd-7cf7-48b6-80aa-c788e27ad072
1107,8ed56fcd-e7c1-40ac-8081-65ca68946ed8
1107,10416
1107,10415
1107,9818
737,8ee7d501-c7e2-466d-a547-2525af112176
737,10529
737,10530
737,1105
737,1076
737,459
737,458
737,515
737,422
737,423
737,10401
737,8e90e795-c539-46bf-b1bd-6e8005659966
737,384
737,426
737,343
737,10398
737,347
737,297
737,250
737,249
737,301
737,253
737,200
737,204
737,145
737,144
737,87
737,86
737,8ee7d5a2-f71f-4d5e-9d6d-b9ad880ab1a3
1093,8f01fcab-0efe-4808-bb2b-7aac1841dde0
1112,8ef77473-a065-4394-985e-4d649b58f711
1112,8ee7c897-ca98-42a7-be72-05c39fc2e7e8
1112,8effb0c9-6410-4e89-9b86-78ad71cbc0f9
1112,8ee7c897-a0c5-4a18-96ad-b0b0c175ba7a
1112,8ee7c893-c353-4de8-aed5-fb8e9cd64467
1112,8f03d7aa-2efd-4696-b1dc-c5cb5b5d826c
1112,8effc4d7-3e4d-4322-91f6-02c198967231
1112,8ed56fcd-e7c1-40ac-8081-65ca68946ed8
1112,8effb0c8-5277-468b-8c35-1fe6be9fa1e0
1112,8ee784f6-7469-4e1d-a786-dbd42288155b
1112,8effb0c8-c02d-44bd-8470-dc2a35b35d37
1112,8ef77473-91b2-412e-8fde-f6e62b6dfcb1
1112,8ef77473-46e9-4fc3-8883-aa77fc83cf57
1112,8ef77473-c045-4fa8-a293-2c74304bdac1
1112,8ef77473-e3db-42a4-8b44-99e7690a6881
1107,8f1000ed-c26b-499c-9ca7-f41d991bd2eb
1107,8ef77474-86a2-4fc6-8b7b-1f45613e091d
1107,8ef77474-7e54-4cdd-bbe5-81a2314d0852
1107,8ef77474-6e11-43f8-9457-a6eac89fee62
1107,8ef77474-b90c-40bd-ab96-a2e3916a5b84
1107,8f06145a-7671-475e-9873-3df05de4ba91
1020,3567
1020,3568
1020,3566
1020,3570
1020,3602
1020,3603
1020,3652
1020,3655
1020,3661
1020,3665
1020,3674
1020,3685
1020,3696
1020,3710
1020,3711
1020,3712
1020,3713
1020,3722
1020,3720
1020,3718
1020,3746
1020,3749
1020,3751
1020,3755
1020,3772
1020,3789
1020,3790
1020,3801
1020,3802
1020,3811
1020,3812
1020,3814
1020,3816
1020,3817
1020,3826
1020,3831
1020,3841
1020,3842
1020,4078
1020,4079
1020,4080
1020,4085
1020,4082
1020,4083
1020,4084
1020,4087
1020,4090
1020,4130
1020,4159
1020,4161
1020,4163
1020,4174
1020,4182
1020,4183
1020,4196
1020,4197
1020,4208
1020,4209
1020,4210
1020,4213
1020,4230
1020,4233
1020,4242
1020,4245
1020,4260
1020,4264
1020,4262
1020,4266
1020,4267
1020,4268
1020,4276
1020,4277
1020,4280
1020,4281
1020,4282
1020,4284
1020,4287
1020,4289
1020,4292
1020,4291
1020,4307
1020,4306
1020,4326
1020,4327
1020,4331
1020,4332
1020,4330
1020,4342
1020,4341
1020,4339
1020,4348
1020,4346
1020,4350
1020,4356
1020,4357
1020,4370
1020,4375
1020,4386
1020,4403
1020,4408
1020,4418
1020,4637
1020,4639
1020,4641
1020,3065
1020,3066
1020,3074
1020,3073
1020,3091
1020,3106
1020,3107
1020,3105
1020,3129
1020,3134
1020,3177
1020,3238
1020,3256
1020,3253
1020,2401
1020,2406
1020,2409
1020,2413
1020,2416
1020,2429
1020,2449
1020,2448
1020,2453
1020,2454
1020,2462
1020,eb379655-d3c3-42bd-95c0-c898c0f4a5f0
1020,8ee7c87f-005f-4cea-b5e2-da3fe9f244b8
1020,8effb0c8-126c-482b-b918-2552e11c0e2e
1020,8f01fcaa-8f4c-46be-a18e-a1c7f257f343
1020,8ee7c877-ed91-4fa1-8054-56ad95e44338
1020,e0b961d3-9fcc-4fda-83a8-2cd673bf41ed
1020,ae5662a9-e3df-45a7-a7ff-ae9e8098eb37
1020,8ee7c86d-df21-48af-b097-98fd1fe2ad38
1020,8ee7c86f-02b7-4c61-8431-132f183a642b
1020,8ee7c86e-91cd-4efd-9f58-379988cea8a7
1020,8ee7c86e-d26f-4c92-92a9-f1f5b4088174
1020,8ef99b47-d42f-4627-a507-f56418fde511
1020,8f000de5-a1e6-4c52-84a3-a58d87b62e6e
1020,8f01fcaa-9bf3-4924-911c-5e96862e36d1
1020,71c17e19-45d1-49f7-ac65-6edd982d27e1
1020,8ee785af-8637-4430-9d4e-3b6d466f25a2
1020,473492ca-8fa6-4e71-9e9f-a7b8b712bbe6
1020,8f01fcaa-4b14-44a1-91ef-b39d6e4220be
1020,8f01fcaa-ece9-46e8-8d93-e7af831d15c8
1020,8f01fcab-0efe-4808-bb2b-7aac1841dde0
1020,8f01fcaf-8b95-48f3-b49a-7eb01884dbea
1020,8f01fcaf-d104-4dc2-b9c2-a63cb6b13595
1020,9a4737a2-926a-4c85-9816-78fd6aad6333
1020,f1b85d6a-20d6-482b-bc36-76babda6e9ec
1020,ea7c6613-94bb-4f28-b55b-399ff2c7e848
1020,8ee7c86a-2c8d-4f47-a4f2-0b98ff5b752d
1020,9805f21c-8d3a-4e1a-bbc2-26f8fbffabc1
1020,ca030615-588d-4c3b-aa26-165972caf64c
1020,94400a83-9948-4e56-8a99-f1bf88b41a54
1020,51896345-eba8-4bd1-9916-40b578fd5f0d
1020,8ee7c86a-c773-4f23-9a65-820aea7c427b
1020,8ee7c86b-06fc-4f4d-bcaf-803935c5f916
1020,3644
1020,3677
1020,4217
1112,8eeb6ac1-8fed-4cc6-8cda-c6b7b1e48d68
1112,8eeb6ac1-a134-4f7b-a053-6fe66f7b534d
1112,8eeb6ac1-ae52-455a-bf6d-15f73b5b6f94
1112,8eeb6ab9-bc13-4d98-ad0b-53522efeb6c4
1112,8eeb6ab9-1e09-4378-ac68-695e91c5f034
1112,8eeb6ab9-e4d7-4764-9a1c-c851f2efa7ef
1112,8eeb6ac6-aab3-4c23-9371-1be73c864abb
1112,8eeb6ac6-8db5-4d75-aaea-173df00aff88
1112,8eeb6ac6-0fed-4f66-8bbd-354231f335dd
1112,8eeb6ac7-293c-4a78-94a0-70de9e309b39
1112,8eeb6ac9-d712-4bf2-b1b3-989cc68a823a
1112,8eeb6ac9-9abe-4f35-b685-896035cb9776
1112,8eeb6ac9-af82-44ca-894c-26c1e8c6f334
737,8e870cc7-68f2-493b-9174-0e7e87f4eaec
737,25
737,10472
737,249
737,250
737,10398
737,8e86fbe2-32a4-4093-9fcd-ea5e2372e074
737,10277
737,759
737,7aaf678d-ef62-4827-9678-1a4a367942b2
737,9821
737,9847
737,9866
737,8ecd13c3-5e2e-4e73-ab5a-d702e5820793
737,4078
737,4081
737,4083
737,4084
737,4085
737,4088
737,4089
737,4094
737,4096
737,4130
737,4131
737,4133
737,4139
737,4140
737,4145
737,4144
737,4150
737,4153
737,4169
737,4167
737,4181
737,4185
737,4188
737,4187
737,4208
737,4230
737,4233
737,4235
737,4257
737,4256
737,4258
737,4281
737,4283
737,4285
737,4287
737,4288
737,4291
737,4308
737,4316
737,4317
737,4326
737,4337
737,4340
737,4355
737,4357
737,4361
737,4359
737,4370
737,4373
737,4378
737,4377
737,4389
737,4395
737,4399
737,4414
737,4417
737,4422
737,4425
737,4427
737,3567
737,3577
737,3629
737,3639
737,3655
737,3746
737,3772
737,3773
737,3801
737,3802
737,3811
737,3827
737,3830
737,3840
737,3844
737,3878
737,3880
737,5e9ef4a5-3c8a-4280-93c1-bc7ce02527ed
737,8ee7c87d-cdae-41d7-b631-88f2ffc24c60
737,82fee792-e28a-409e-812f-91334a50a134
737,9a4737a2-926a-4c85-9816-78fd6aad6333
737,cc6265e9-5fc4-4798-a05f-8609ada59f40
737,cdf57af1-887e-4ccf-9970-f74c9b9e936b
737,8f01fcaf-3621-493c-b56c-854ce29139a9
737,8f01fcaf-62ec-4be9-b9c1-9a4269309871
737,8f01fcaf-74f4-4be4-b653-7354e189e9a1
737,eb379655-d3c3-42bd-95c0-c898c0f4a5f0
737,8b71484b-b0ba-4f86-87cc-250c83e921ad
737,23ce766f-0c23-45f4-8a66-0c353e295cf9
737,48589a35-0ee6-404c-8299-0f3b48f05b03
737,5e965046-2e46-4cfe-ab5b-998a08ad1e7d
737,8ee7c896-b524-4541-bc86-55f52f83d619
737,8f03763f-d177-4c54-a422-addaa52fba82
737,2776
737,2773
737,2782
737,2786
737,2783
737,2788
737,2798
737,2801
737,2804
737,2851
737,2854
737,2859
737,2864
737,2877
737,2879
737,2889
737,2888
737,2894
737,2899
737,2902
737,2905
737,2911
737,2913
737,2930
737,2934
737,2936
737,2943
737,2950
737,2951
737,2954
737,2968
737,3032
737,3033
737,3034
737,3035
737,1540
1107,9916
1107,10415
1107,10416
1107,8efb66d3-7b32-4ad1-8864-9a6b13c7d638
1107,8ed5bea8-64e0-4fdf-af07-84e8b45c808f
1107,8efb75a0-8832-4212-a0f9-5484e20c58ce
1107,8ed56fcd-7cf7-48b6-80aa-c788e27ad072
1107,8ee5509f-41ff-47db-a99c-2e520ecd598e
1107,8ef77473-91b2-412e-8fde-f6e62b6dfcb1
1107,8ed56fcd-e7c1-40ac-8081-65ca68946ed8
1107,8ef77473-a065-4394-985e-4d649b58f711
1107,8ef77473-46e9-4fc3-8883-aa77fc83cf57
1107,8ef77473-c045-4fa8-a293-2c74304bdac1
1107,8f15cd44-872d-41b0-9161-97258f7da961
1107,10402
1107,8f1dec5a-bf9b-4b32-b88b-ef857380d66c
1107,8ed56fcd-70ed-4b84-a62c-87c430a088e1
1107,8f1df4e2-d627-4d7c-baaa-363c193b4fbc
1107,8f1df686-b3bf-4f1a-be57-4789ea60449c
1107,9914
1098,8ee7b987-eafb-42b4-b98c-0564d254829e
1098,8f1e1e45-28b2-4d4f-8059-a7a252689573
1098,8f1e115d-6056-4056-961d-5813c3739417
1098,10416
1098,8f1e1165-6da6-4d21-8472-ce96c8a49a29
1098,8efc1194-0f18-4ab3-a6b4-ccbc04dd56d5
1098,8f1e1ec7-49c5-4210-a083-bd9e9af18231
1098,8ef77473-a065-4394-985e-4d649b58f711
1098,f59a2078-7b73-4bf5-af9a-4aad56b33184
1098,8f1e2050-0f70-407e-ad77-703053a15622
1098,7b236b39-576e-4a6d-8611-85ba71387ba5
1098,86cee7f5-5ff1-4cf1-a980-dcbaaa2039ec
1098,07e19476-ebc2-415c-bbef-883797f6c2bc
1098,8dd4935c-1124-40d9-8116-7472c8ff6392
1098,8e84b382-9a08-407b-b0ad-5c613fcb6026
1098,3f30ca95-6e6e-4a43-aa76-8f4f8e5859e1
1098,8ed554cc-8207-4b6d-be96-d699d96ad821
1098,4282f52d-14ab-4684-8c99-d62a53010827
1098,8f1e115d-a1d5-4c70-9de3-356e9644a704
1098,10415
1098,8f1e115a-9eb4-46d4-a88b-272a25a1f6a5
1098,8f1e115a-a469-433d-adf7-e259afac8c4c
1098,8f1e115a-bb35-4f72-9816-42d97d729f36
1098,8f1e115e-b363-4ded-b949-c355997c2eab
1098,8f1e1162-491c-444c-9d43-8c58891eeeac
1098,8f1e1161-b27b-4e6c-9749-f384116990c6
1098,8f1e1163-192c-4bf5-95ca-f0c5f308dbb5
1098,8f1e116a-cfba-42d6-8b8b-b60f5bac216e
1098,8f1e116a-e08a-490f-8273-ab61fa600f02
1098,8f1e115a-be84-4b14-a254-b653cddd9b56
1098,8f05f1ae-f0ff-470b-a20b-fad70fb9c711
1098,8f06145a-7671-475e-9873-3df05de4ba91
1098,8f0605b1-7b3c-479e-8a11-e7df0124eb54
1098,8f060f4a-950d-42f5-9c66-07c75acdb688
1098,8f0611bd-82a3-474f-b6ac-01b4d80ddf5d
1098,6548
1098,8f1e1163-d720-4f60-ad52-2aec90833e00
1098,6293
737,8ecd1030-2d30-4c3b-94ad-5e1f6dcbde16
737,8ecd1031-6dcd-4a79-95d7-0340c8e59132
1114,8f01fcae-3113-48af-9c4c-bb27f39f29e1
1114,8f01fcaf-d104-4dc2-b9c2-a63cb6b13595
1114,8f05f1ae-f0ff-470b-a20b-fad70fb9c711
1114,8f0605b1-7b3c-479e-8a11-e7df0124eb54
1114,8f060acf-0721-4cbc-b05f-cb6598894b06
1114,8f060f4a-950d-42f5-9c66-07c75acdb688
1114,8f06145a-7671-475e-9873-3df05de4ba91
1114,8eeb6ac9-473b-4bca-bef6-2e79809282bd
1114,8eeb6ac1-7585-4867-9067-af8588a28a05
1114,8f03d7ab-012c-48db-a01f-9f971c7c3695
1114,8eeb6ab3-36ac-4671-8e89-7ae34892384b
1114,8ef5bf0e-2d1e-4d89-a3a4-26b27c27ee47
1114,8f1e115b-dcae-4e74-9b8c-e20019b21522
1114,8ef5bf10-b6f2-49a0-bdcb-cdfca5b42186
1114,8ef5bf10-88b3-4567-8a56-1f14513b332d
1114,8ef5bf10-17a3-4c10-935e-04a6e7b1329f
1114,8ef5bf0b-5aa5-42f1-bf95-c78ae1b0f204
1114,8ef5bf12-ad16-43d0-963a-e70848fc3bd5
1114,8f1e115c-1941-4054-bfb5-0b2fba8bc938
1114,8ef5bf0b-35a6-4dfc-a1de-ec725b46f1f2
1114,8ef5bf11-1a7d-467e-8372-7d08ddd5ead0
1114,8ef5bf11-3bbc-43e9-acba-e9193dbaabba
1114,8ef5bf08-e28d-48a1-b5a3-cd0422d7af07
1114,8f1e115e-aac8-48ea-b5f6-64d20d314552
1114,8ef5bf0a-e009-4a59-b928-eacaf762deca
1114,8ef5bf0c-f0dc-4c24-a085-c66fb0ee79ad
1114,8f1e115d-0ae6-4597-951c-433034b35107
1114,8ef5bf0b-d656-4155-a9ae-df2201816ac8
1114,8ef5bf0e-6cba-43b6-821c-acc873f1145f
1114,8ef5bf0d-973a-45c3-afcd-a16263735679
1114,8f1e115d-0f11-4fab-85a3-a5ffa1ced70d
1114,8f1e1165-824f-447f-b06c-dacae50b1c66
1114,8ee7c891-af7b-43f8-8777-445dd1c0819b
1114,8effb0c7-56ac-4136-8077-dbf61c2f9ef0
1114,8f1e1165-f342-41da-980d-77956639ca7f
1114,8eeb6aca-7017-43c7-8028-a918c52d7a25
1114,8f03d7aa-e49b-4102-8118-4e95f08cb533
1114,8ef5bf09-9c27-479e-a8f5-9e2d6b30c9a9
1114,10416
1114,8ee7c880-4b0d-4d7c-b633-447356d864b4
1114,10415
1114,8ed56fcd-7cf7-48b6-80aa-c788e27ad072
1114,8f03d7ac-1762-4539-88a5-bfd1c3149a17
1114,8ed56fcd-c29d-4981-8ad8-1de8927f4304
1114,8ed56fcc-fcc6-43d3-8f8d-46d83dceaeae
1114,8ed56c83-9ec8-4fe9-ac74-eac6bdbf4f62
1114,8ee5509f-41ff-47db-a99c-2e520ecd598e
1114,8f1e115b-caab-4baf-b0c2-a08fe4733c84
1114,8efb75a0-8832-4212-a0f9-5484e20c58ce
1114,8ed56fcd-eb54-449b-9ffd-9572c1de024d
1114,8ed56e76-ba8b-48dc-96ce-22add462f2e2
1114,8effb0c9-b80c-4e7c-bdd3-c55c77893d5a
1114,8efc1194-0f18-4ab3-a6b4-ccbc04dd56d5
1114,8f01fcab-bb28-4acf-919a-5ad8f95c167f
1114,ae061bc5-a47d-46a0-8fd4-dd98506c86b3
1114,8f1e1169-fd86-49d4-b171-32293b7360bf
1114,8f1e116a-edc7-4d8c-850c-efa17c0b91e5
1114,fe53696f-5592-433d-a8e2-488e5917e3a3
1114,0fba29dc-cb75-482f-b0b8-f694373c300f
1114,8eeb6ac9-9abe-4f35-b685-896035cb9776
1114,8f01fcac-0aee-4dc5-92d1-87c91249fcf3
1114,8f01fcac-dfa4-427d-ae4b-a91bd2b1282f
1114,8f01fcae-d035-4c89-87c6-3ef9da5e2b6e
1114,8f1e1161-bdaa-40b5-a85c-7407bbb4136a
1114,8f01fcab-0efe-4808-bb2b-7aac1841dde0
1114,eb379655-d3c3-42bd-95c0-c898c0f4a5f0
1114,8eeb6abd-c50d-472b-ba97-b6499727a33f
1114,8f03d7ab-26d1-45e5-b52e-c732ae50076a
1114,8ee7c88d-1afe-4fc5-9efb-df27ed0a2bf3
1114,8ee7c870-54c3-44a2-b85f-57cccb7be45d
1114,8ee78911-c58b-4bd5-9cdf-52b69ff8e51b
1114,6537a656-bf8b-41f7-95d8-925517a5be67
1114,b6bd3e8d-a806-43eb-b72a-38f9e4b7fb00
1114,8f1e1169-412c-4a38-85e9-689717884b60
1114,8ee7d5a2-f71f-4d5e-9d6d-b9ad880ab1a3
1114,8ee7d501-c7e2-466d-a547-2525af112176
1114,8ee7b987-eafb-42b4-b98c-0564d254829e
1114,8f24143d-6e8d-4cdb-b67b-d3329269dc62
1114,8f2414ad-21be-4057-9d5c-86efbb62634a
1114,8ee7b987-d2eb-4fa7-bd55-344a8f6f091f
1114,8f241543-5127-4512-9c3f-c1443ee14620
1114,8f2416e9-6009-4687-8950-bf4a672ef3c3
1020,8ef5bf08-30e8-49d2-99d1-5e4db1469a02
1020,8ef5bf08-a727-4372-9108-4bde31ee2631
1020,8ef5bf08-6efb-42ca-9dc2-096b8825049a
1020,8ef5bf07-9963-4d28-ba5d-3746f78c4e67
1020,8ef5bf07-a234-415f-b379-4f0627119345
1020,8ef5bf07-b1d0-42f0-8033-52cc66cea266
1020,8ef5bf07-aad0-45f8-a8ba-7afdaa237ca9
1020,8ef5bf07-b51d-4f80-8ac9-e94200825122
1020,8ef5bf08-1517-48ef-8ad1-d3733db55bf7
1020,8ef5bf09-1827-4d5d-ab50-738ec8651201
1020,8ef5bf09-2aec-4de2-8340-b5ecf57eefc6
1020,8ef5bf09-acb8-4734-ad21-e42a8115ecd4
1020,8ef5bf09-9c27-479e-a8f5-9e2d6b30c9a9
1020,8ef5bf0a-69c8-43e7-abc9-1091cd0f552e
1020,8ef5bf0a-87a8-4f02-94d1-f08957d5e0cf
1020,8ef5bf11-8faa-4704-bcf6-2bf09baabf5b
1020,8ef5bf11-9d36-4e2e-b910-df84aae42948
1020,8ef5bf12-0121-4b6c-8932-174c35cf1bf6
1020,8ef5bf12-ad16-43d0-963a-e70848fc3bd5
1020,8598
1020,8617
1020,8619
1020,8620
1020,8637
1020,8653
1020,8ee7c87c-712e-4151-89d0-d44caa3f0458
1020,8f01fcad-a9af-48f4-a2cb-6e934284c256
1020,5df057fc-9f95-4e93-8e84-d8d8b6313786
1020,3a54f896-0527-43a2-9542-a67a89594afb
1020,9b215be0-0a2c-4c2f-a3b7-4d3d0c35f697
1020,8ee7c870-1999-4d74-9d95-7505f8d82223
1020,8ee7c870-260a-48cf-9ea0-e9a6172d4d48
1020,8ee7c870-4414-4c89-b15d-751ca93d9561
1020,8ee7c870-54c3-44a2-b85f-57cccb7be45d
1020,8ee7c870-eb60-438b-b59d-837ffe5c502d
1020,8ee7c871-3779-43d6-853e-283fb08e4eff
1020,45dc202c-1871-4cd4-97d1-280f68f35106
1020,9bc3abf8-67a5-4718-8b9b-1cd88c7b99fa
1020,1ebe39c4-72a8-4d8b-a45c-2145f5d96054
1020,980fe044-b999-4b64-8f93-ff5afb094ad5
1020,8ee7c878-6e6c-4f84-b7c1-6e3f6639fa80
1020,10146
1020,8ef5bf10-17a3-4c10-935e-04a6e7b1329f
1020,8ef5bf10-2684-49b9-bcdb-d584594176d4
1020,8ef5bf10-88b3-4567-8a56-1f14513b332d
1020,8ef5bf10-af42-4cf6-a301-6387551ed414
1020,8ef5bf10-c097-4614-9ddf-6ca6e5577ed8
1020,8ef5bf11-0679-4d04-96bf-a9286a3daf8a
1020,8ef5bf10-d9a3-419f-8b7e-3350ccf4c37d
1107,8f25f075-78e1-46d0-89c0-2edf2aff6811
1107,8f1e1163-25d8-425f-8969-87d0e9625f6a
1107,8f1e1163-0b10-4561-8545-59217814f6c3
1107,8f25f19c-4ff7-490e-8e18-5a6a9fae5778
1107,8f1e1163-278c-430a-ad2d-b1506bdd69a4
1107,8f1e1163-1dc7-4851-8ad3-82449f7364d3
1107,8f25c844-76db-47d7-a45d-82ee92cba9c7
1107,8f25c7ae-1573-4f87-9227-a45e0a4d3214
1107,8f1e1163-192c-4bf5-95ca-f0c5f308dbb5
1107,8f25c712-faab-4db6-8be3-9fa441b54053
1107,8f25c90c-f6fb-4911-b77d-a936798c6f59
1107,8f25c9f2-4566-49e4-aca7-4d4d0613ee05
1107,8f1e1163-0610-455a-86c1-81d072c5936f
1107,8f1e1163-10d0-4a08-8978-3aea57b80b77
1107,8f25f31c-9c02-4907-96b0-46d027376e7e
1107,8f1e1162-278c-4b85-9e69-b7fec936d460
1107,8f1e1162-47c2-4b73-9ab2-a0742dc9561e
1107,8f1e1162-4b15-4997-919d-0e9f0803d354
1107,8f1e1162-48ff-4362-807a-ea2c24384d52
1107,8f1e1162-4242-4079-947a-2ca10247fcaa
1107,8f1e1162-491c-444c-9d43-8c58891eeeac
1107,8f1e1161-bec6-48d7-a6a1-87399ce10f0c
1107,8f1e1161-a9bd-46e0-9996-af2110e48d41
1107,8f1e1161-c1b0-4759-9116-15d0c7c626d6
1107,8f1e1161-bdaa-40b5-a85c-7407bbb4136a
1107,8f1e1161-b27b-4e6c-9749-f384116990c6
1107,8f1e1161-b7ba-4f82-b812-93e5a7ab6cce
1107,8f1e1161-c4a3-477d-95bd-adc218552539
1107,8f1e1162-3c0c-4ef2-86f6-1d4c73834f63
1107,8f25e8d1-806c-4007-aab8-645b6469a799
1107,8f25e7bd-788e-4e5b-85b9-5c763439b7fd
1107,8f25e6b7-0486-41c9-a1b3-f8216ebf68d0
1107,8f1e1162-3b2d-4a73-bd2d-b9cebcbe27a4
1107,8f25e5c8-10d9-4b5e-a471-ca78d9e2e639
1107,8f25e48e-6d0a-4d8b-853c-7241e8337e99
1107,8f1e1161-ca7f-40cf-ba8a-6031e5cf6a02
1107,8f1e1162-2903-4eb3-b6d7-6fe9346c30d6
1107,8f25e384-7a4f-400d-91b8-39ffa3ca5883
1107,8f25e9e9-7706-4bac-a62b-89663dccb29e
1107,8f25e915-7a0e-42e3-8cf6-468d99484a2d
1107,8f1e1161-742c-4b00-9db0-0ec2420a1825
1107,8f25e4f8-1e4f-452c-8464-ca169a7be0b0
1107,8f25e55e-73f0-42c6-a6de-caf7433f1f16
1107,8f25ea1f-b198-468d-af41-62030ff498b9
1107,8f25eb74-cb50-4e24-b380-fb68457673f8
1107,8f1e1161-3754-4694-9e8c-150de408482b
1107,8f25ebac-5343-451a-ac4a-aaeaf9050dce
1107,8f25d780-8d04-4a44-822a-81029f5a320d
1107,8f241543-5127-4512-9c3f-c1443ee14620
1107,8f25d85a-1ea7-43a8-8fe5-ceaaef05113e
1107,8f25d644-fc03-48ec-84a7-5fc6ba025ec0
1107,8f25c291-9184-4e47-997e-ae510eb3f093
1107,8f25d60a-55aa-4fb4-a70c-69e4dc06d051
1107,8f25c071-22dd-41fc-b18c-fb8dc61d3556
1107,8f1e1169-412c-4a38-85e9-689717884b60
1107,8f25c243-c772-4f79-9965-0180f03ec683
1107,8f25c34e-8c2c-498b-b7cc-8295a3c192ef
1107,8f25c477-2caf-43e1-8f01-d932fda83a4f
1107,8f25bd71-bf77-42cf-bf4c-b6bf28688f69
1107,8f25be22-c97c-4c9a-9178-136cefbac50a
1107,8f25bed9-7fe3-4cdd-8cee-20cf633416fe
1107,8f25cdce-be3b-491d-b7f6-7927e498c40b
1107,8f25cc49-3974-4d40-9ad3-5128eeae558d
1107,8f25ccd0-d23d-4eb8-bee6-bd51a218e909
737,101
737,456
737,467
737,347
737,8615
737,8616
737,8603
737,8611
737,8641
737,8646
737,8668
737,8667
737,8671
737,8674
737,8675
737,8690
737,8698
737,8710
737,8725
737,8747
737,8748
737,8759
737,8767
1115,10469
1115,10500
1115,8e90df71-f743-4e81-993d-ec950b1d20f3
1115,39
1115,8ecd1030-1d77-4810-ab2a-cdc32a60091d
1115,8ecd1030-1f8d-4930-b733-bd3aafec4e93
1115,2384
1115,9798
1115,9799
1115,9800
1115,8ef77474-7988-41f3-bb03-e65c156dcada
1115,8ef77474-7e54-4cdd-bbe5-81a2314d0852
1115,8ef77474-86a2-4fc6-8b7b-1f45613e091d
10,418
8,51896345-eba8-4bd1-9916-40b578fd5f0d
8,21d56859-3b83-49f6-8492-b6c6bd978888
8,f68dea18-76dc-463e-a3a2-2793b694f811
8,ea3c42e8-bfef-468e-86d3-1a705f698f27
8,73f9dc3c-ffef-45bf-8dc4-f1a911a2d277
8,cb51e076-5e0b-4684-9e2e-57c6215c73fd
8,b8c7de59-7ac5-4599-8d16-82eae895acbf
8,fe849f4f-904a-4e77-a0f8-05a7dadde04e
8,ea7c6613-94bb-4f28-b55b-399ff2c7e848
8,000051b3-1cbd-47d3-8e00-e2e40475734c
8,5e9ef4a5-3c8a-4280-93c1-bc7ce02527ed
8,eb379655-d3c3-42bd-95c0-c898c0f4a5f0
8,6537a656-bf8b-41f7-95d8-925517a5be67
8,e48b57fd-ac5e-4c01-9fc9-75804d749c4b
8,e00b644f-00c8-4fb8-8f78-87931c01f91c
1096,b6bd3e8d-a806-43eb-b72a-38f9e4b7fb00
1096,3a2ed5a6-a99f-4556-9a3d-f3b2573c246f
1096,3921b850-e11d-47c5-b0f7-5c162ac33f69
1096,000051b3-1cbd-47d3-8e00-e2e40475734c
1096,59227abe-045b-4564-b998-a1a0579ec0bb
1096,3231dfb7-8aae-4997-9d03-9705f3b898f1
1096,3d448dc4-66be-47dc-b816-8f5c7d4945f5
1096,76e83cea-fc2e-4aad-a128-6dac176ea511
1096,e00b644f-00c8-4fb8-8f78-87931c01f91c
1096,b9aa48d7-1589-4580-ad0d-5b2aa8e0e226
1096,204f9b4b-2a73-4264-a387-9d9024bfd837
1096,ae061bc5-a47d-46a0-8fd4-dd98506c86b3
1096,fe53696f-5592-433d-a8e2-488e5917e3a3
1096,3f30ca95-6e6e-4a43-aa76-8f4f8e5859e1
1096,27a01cfa-37ed-405b-bbc8-6a5dc3c43e25
1096,3afdd5e0-88d0-4f34-baa4-c218c607789e
1096,20438cda-af49-4c46-a659-3376ee823610
1096,9805f21c-8d3a-4e1a-bbc2-26f8fbffabc1
1096,489f1edf-3832-4c86-b080-f338296aa830
1096,51896345-eba8-4bd1-9916-40b578fd5f0d
1096,ea7c6613-94bb-4f28-b55b-399ff2c7e848
1096,05678e16-dbb8-4236-9ae9-431600c46b19
1096,fe702c47-582b-4b27-98cd-42cd91d89f5c
1096,d4c3d6f3-bf98-4acc-acc7-0d87a00336aa
1096,368bda2e-b213-4025-a90f-0d164d1f32c8
1096,255cf727-2fb9-41d9-a33f-f00ecb241f2b
1096,f273b499-5f20-4a0f-996a-bba39791cd0c
1096,822efa1d-318a-4b87-97a0-241b1e50bfbd
1096,f76c81c0-691b-48b2-b60d-3a73f8391151
1096,f1b85d6a-20d6-482b-bc36-76babda6e9ec
1096,f292bfa2-f11b-43c3-9053-1fe5f9e30a08
1096,aa0e09ec-77ad-46b1-8865-dc379c254356
1096,1655562e-2b58-4f61-ac9c-333530202f41
1096,e48b57fd-ac5e-4c01-9fc9-75804d749c4b
1096,513b31df-a5c4-48ed-b504-0f146bcc1062
1096,bee36a53-75a7-4d73-8ed1-be09cb4bc3de
1096,b09fe3e9-f6ea-4e1e-83bc-428455f1b82f
1096,21d56859-3b83-49f6-8492-b6c6bd978888
1096,beba627b-fad2-4d4f-aa8c-be0938bfa8a5
1096,e9135d4c-e363-48c3-ba7b-7a18b3145f0a
1096,e1e1dac0-153f-4000-88dc-d5185d53bd04
1096,bb019786-a8fe-4107-a59d-577859407b1f
1096,40a50d55-cd0d-4d77-90ed-3fa97335f998
1096,03190770-b63a-4b2d-896f-365731d134c0
1096,4282f52d-14ab-4684-8c99-d62a53010827
1096,08e44c36-28e9-4cce-8587-94af55561732
1096,00db3026-4d10-433d-b99c-43d373cd8690
1096,f848b34f-f277-4db0-b98f-53b6e4f2b0cd
1096,24f39d06-9005-4e46-91d3-00119110445d
1096,073423e6-b298-40eb-92bd-666601ab6755
1096,73f9dc3c-ffef-45bf-8dc4-f1a911a2d277
1096,f68dea18-76dc-463e-a3a2-2793b694f811